date,candidates,plugins,legacy_plugins,works_with_current,active,total_downloads,total_stars
2026-09-25,29979,1382,100,582,1056,88924482,131909
2026-10-02,29979,1381,99,603,1049,89523744,132649
2026-10-03,29979,1381,98,606,1049,89585178,132710
2026-10-04,30339,1456,100,672,1121,88644180,130824
2026-10-05,30339,1456,100,675,1120,88723175,130900
2026-10-06,30339,1455,100,675,1117,88662465,130714
2026-10-07,30339,1455,100,680,1118,88933177,131073
2026-10-08,30339,1455,100,680,1116,89099972,131222
2026-10-09,30339,1456,101,683,1116,91379678,135803
